"%d country(s) were skipped because they no longer exist.","%d land(e) blev sprunget over, fordi de ikke længere eksisterer."
"%d region(s) were skipped because they have existing region names.","%d region(er) blev sprunget over, fordi de har eksisterende regionsnavne."
"-- Please select --","-- Vælg venligst --"
"A country with this ID already exists.","Et land med dette id findes allerede."
"Add New Country","Tilføj Nyt Land"
"Add New Region","Tilføj Nyt Område"
"Add Translation","Tilføj Oversættelse"
"Allowed Currencies","Tilladte Valutaer"
"An invalid base currency has been entered.","En ugyldig basisvaluta er blevet indtastet."
"API Access Key","API Adgangsnøgle"
"API Key","API Nøgle"
"A region name for this locale and region combination already exists.","Et regionsnavn for denne landestandard og regionskombination findes allerede."
"A region with code ""%s"" already exists in this country.","En region med kode ""%s"" findes allerede i dette land."
"Are you sure you want to delete the selected countries?","Er du sikker på, at du vil slette de valgte lande?"
"Are you sure you want to delete the selected region names?","Er du sikker på, at du vil slette de valgte regionsnavne?"
"Are you sure you want to delete the selected regions?","Er du sikker på, at du vil slette de valgte regioner?"
"Are you sure you want to delete this country?","Er du sikker på, at du vil slette dette land?"
"Are you sure you want to delete this region?","Er du sikker på, at du vil slette denne region?"
"Base Currency","Basis Valuta"
"Base currency is used for all online payment transactions. Scope is defined by the catalog price scope (""Catalog"" > ""Price"" > ""Catalog Price Scope"").","Base currency is used for all online payment transactions. Scope is defined by the catalog price scope (""Catalog"" > ""Price"" > ""Catalog Price Scope"")."
"Cannot delete region with existing region names. Please delete all region names first.","Kan ikke slette region med eksisterende regionsnavne. Slet venligst alle regionsnavne først."
"Choose popular countries that should be grouped on top of the country select.","Vælg populære lande, der skal grupperes på toppen af det valgte land."
"Close","Luk"
"Connection Timeout in Seconds","Tilslutningstimeout i sekunder"
"Countries","Lande"
"Country","Land"
"Country and Format Type combination should be unique","Lande- og formattypekombinationen bør være unik"
"Country API","Land API"
"Country ID","Land ID"
"Country ID cannot be changed after creation","Land ID kan ikke ændres efter oprettelse"
"Country ID is required.","Land ID er påkrævet."
"Country ID must be exactly 2 uppercase letters.","Land ID skal være præcis 2 store bogstaver."
"Country Information","Land Information"
"Country is required.","Land er påkrævet."
"Country Name","Land Navn"
"Currency","Valuta"
"Currency Options","Valuta Indstillinger"
"Currency rates can't be retrieved.","Valutakurser kan ikke hentes."
"Currency rate service error: %s","Valuta rate service fejl: %s"
"Currency Setup","Valuta Opsætning"
"Currency Update Warnings","Advarsler Om Valuta Opdatering"
"Default: only add new locales","Standard: Tilføj kun nye landestandarder"
"Default Display Currency","Standard Visningsvaluta"
"Default Name","Standard Navn"
"Default name cannot be longer than 255 characters.","Standard navn kan ikke være længere end 255 tegn."
"Default name for this region in English","Standard navn for dette område på engelsk"
"Default name is required.","Standard navn er påkrævet."
"Delete Country","Slet Land"
"Delete Region","Slet Region"
"Directory","Mappe"
"Directory Management","Håndtering Af Mappe"
"Display not required State","Vis ikke påkrævet tilstand"
"Edit Country","Rediger Land"
"Edit Country ""%s""","Rediger Land ""%s"""
"Edit Region","Rediger Region"
"Edit Region ""%s""","Rediger Region ""%s"""
"Enabled","Aktiveret"
"Error:","Fejl:"
"Error Email Recipient","Fejl E-Mail Modtager"
"Error Email Sender","Error Email Sender"
"Error Email Template","Fejl E-Mail Skabelon"
"ExchangeRate-API","ExchangeRate-API"
"FATAL ERROR:","FATAL FEJL:"
"Fixer API","Fixer API"
"Frankfurter","Frankfurter"
"Frequency","Frekvens"
"Hold Ctrl/Cmd to select multiple countries","Hold Ctrl/Cmd nede for at vælge flere lande"
"Hold Ctrl/Cmd to select multiple locales","Hold Ctrl/Cmd nede for at vælge flere landestandarder"
"Import","Importér"
"Import completed successfully.","Import gennemført."
"Import Regions","Importregioner"
"Import Results","Importér Resultater"
"Installed Currencies","Installerede Valutaer"
"Invalid country code: %s","Ugyldig landekode: %s"
"Invalid Import Service specified.","Ugyldig importtjeneste angivet."
"Invalid rates received","Ugyldige satser modtaget"
"Invalid target currency.","Ugyldig målvaluta."
"ISO2 Code","ISO2 Code"
"ISO2 code is required.","ISO2-kode er påkrævet."
"ISO2 code must be exactly 2 uppercase letters.","ISO2-kode skal være præcis 2 store bogstaver."
"ISO3 Code","ISO3 Code"
"ISO3 code is required.","ISO3 kode er påkrævet."
"ISO3 code must be exactly 3 uppercase letters.","ISO3 kode skal være præcis 3 store bogstaver."
"List of countries","Liste over lande"
"List of regions in specified country","Liste over regioner i det angivne land"
"Locale and region name are required.","Landestandard og regionsnavn er påkrævet."
"Locale is required.","Landestandard er påkrævet."
"Locales","Locales"
"Localized Name","Lokaliseret Navn"
"Localized name for this region","Lokaliseret navn for dette område"
"Lower numbers are tried first when the scheduled import falls back to another service.","Lavere tal prøves først, når den planlagte import falder tilbage til en anden tjeneste."
"Manage Countries","Administrer Lande"
"Manage Directory","Administrer Mappe"
"Manage Regions","Administrer Regioner"
"Manage Translations","Administrer Oversættelser"
"New Country","Nyt Land"
"New Region","Ny Region"
"No API Key was specified or an invalid API Key was specified.","Ingen API-nøgle blev angivet eller en ugyldig API-nøgle blev angivet."
"One or more invalid symbols have been specified.","Et eller flere ugyldige symboler er angivet."
"Open access endpoint covering far more currencies than the ECB list, updated once a day. No account or API key needed. <a href='https://www.exchangerate-api.com/docs/free' target='_blank'>exchangerate-api.com</a>","Åben adgangspunkt, der dækker langt flere valutaer end ECB-listen, opdateret én gang om dagen. Ingen konto eller API-nøgle nødvendig. <a href='https://www.exchangerate-api.com/docs/free' target='_blank'>exchangerate-api.com</a>"
"Please select at least one country.","Vælg venligst mindst et land."
"Please select at least one locale.","Vælg venligst mindst én landestandard."
"Please select country(s).","Vælg venligst lande(r)."
"Please select region(s).","Vælg region(er)."
"Please select region name(s).","Vælg venligst regionsnavn(e)."
"Popular","Populær"
"Postal Code is Optional for the following countries","Postnummer er valgfri for følgende lande"
"Preview changes without importing (Dry Run)","Forhåndsvis ændringer uden import (Dry Run)"
"Rates were imported from ""%s"" after the services below failed.","Priser blev importeret fra ""%s"" efter tjenesterne nedenfor mislykkedes."
"Reference rates aggregated from central banks and official sources. No account or API key needed. <a href='https://frankfurter.dev' target='_blank'>frankfurter.dev</a>","Referencesatser aggregeret fra centralbanker og officielle kilder. Ingen konto eller API-nøgle nødvendig. <a href='https://frankfurter.dev' target='_blank'>frankfurter.dev</a>"
"Region","Region"
"Region API","Region API"
"Region Code","Region Kode"
"Region code cannot be longer than 32 characters.","Region kode kan ikke være længere end 32 tegn."
"Region ID","Region ID"
"Region Information","Region Information"
"Region name cannot be longer than 255 characters.","Regionens navn kan ikke være længere end 255 tegn."
"Region name is required.","Regionens navn er påkrævet."
"Regions","Regioner"
"Requires a key for <a href='https://fixer.io' target='_blank'>fixer.io</a> itself. Keys for other apilayer products, Currency Data API included, are rejected by this endpoint.","Kræver en nøgle for <a href='https://fixer.io' target='_blank'>fixer.io</a> selv. Nøgler for andre apilayer produkter, Valuta Data API inkluderet, afvises af dette endepunkt."
"Running...","Kører..."
"Running import...","Kører import..."
"Save Country","Gem Land"
"Save Region","Gem Region"
"Scheduled Import Settings","Planlagte Importindstillinger"
"Selected country does not exist.","Valgte land findes ikke."
"Service","Tjeneste"
"Short code for this region (e.g. CA, NY, TX)","Kort kode for dette område (f.eks. CA, NY, TX)"
"Shows what would be imported without making actual changes","Viser hvad der ville blive importeret uden at foretage faktiske ændringer"
"Sort Order","Sortér Ordre"
"Start Time","Start Tid"
"State/Province","Stat/provins"
"State is required for","Tilstand er påkrævet for"
"States Options","Indstillinger For Stater"
"Store %s has no currency it can sell in: none of its allowed currencies has an exchange rate from %s.","Butik %s har ingen valuta det kan sælge i: Ingen af de tilladte valutaer har en valutakurs fra %s."
"System","System"
"The ""%s"" is not allowed as base currency for your subscription plan.","Den ""%s"" er ikke tilladt som basisvaluta for dit abonnement."
"The account this API request is coming from is inactive.","Kontoen, som denne API-anmodning kommer fra, er inaktiv."
"The country has been deleted.","Landet er blevet slettet."
"The country has been saved.","Landet er blevet gemt."
"The current request did not return any results.","Den aktuelle forespørgsel returnerede ingen resultater."
"The maximum allowed API amount of monthly API requests has been reached.","Den maksimale tilladte API-mængde af månedlige API-anmodninger er nået."
"The region has been deleted.","Regionen er blevet slettet."
"The region has been saved.","Regionen er blevet gemt."
"There is no exchange rate from %s to %s.","Der er ingen valutakurs fra %s til %s."
"This country no longer exists.","Dette land eksisterer ikke længere."
"This region no longer exists.","Denne region eksisterer ikke længere."
"Three character ISO code (e.g. USA, GBR, DEU)","ISO-kode med tre tegn (f.eks. USA, GBR, DEU)"
"Top Countries","Flest Lande"
"Two character country code (e.g. US, GB, DE)","To tegn landekode (f.eks. US, GB, DE)"
"Two character ISO code (usually same as Country ID)","To tegn ISO-kode (normalt samme som landeID)"
"Unable to calculate rate for %s to %s.","Kan ikke beregne sats for %s til %s."
"Unable to initialize the import model.","Kan ikke initialisere importmodellen."
"Undefined rate from ""%s-%s"".","Udefineret sats fra ""%s-%s""."
"Update existing regions and localized names","Opdater eksisterende regioner og lokaliserede navne"
"Your Currency","Din Valuta"
"Your Currency:","Din Valuta:"
