"Action","Acțiune"
"Add Sitemap","Adauga Harta site-ului"
"Add Sitemap Lines","Adauga Linii Sitemap"
"Adds the full text of every active CMS page of this store view. Products and categories stay out: the sitemaps address them one URL at a time. When off, /llms-full.txt answers 404.","Adaugă textul complet al fiecărei pagini CMS active a acestei vizualizări a magazinului. Produsele si categoriile raman afara: sitemaps adreseaza un URL odata. Atunci cand este oprit, /llms-full.txt raspunde 404."
"AI search crawlers (blocking these removes the store from AI answers)","Căutătorii de căutare AI (blocarea acestora elimină magazinul din răspunsurile AI)"
"Always","Întotdeauna"
"Appended to the generated file. Groups written here keep their own rules and also receive the base rules above. A group that carries its own Content-Signal line keeps it, and the configured signals are left out of that group.","Adăugat la fișierul generat. Grupurile scrise aici își păstrează propriile reguli și primesc, de asemenea, regulile de bază de mai sus. Un grup care are propria linie Content-Signal o păstrează, iar semnalele configurate sunt lăsate în afara acelui grup."
"Base Rules","Reguli de bază"
"Blocked AI Crawlers","AI Crawlers Blocate"
"Categories Options","Opţiuni categorii"
"CMS Pages Options","Opchar@@0iuni pagini CMS"
"Content Signal: ai-input","Semnal de conținut: a-input"
"Content Signal: ai-train","Semnal de conținut: ai-training"
"Content Signal: search","Semnalul conținutului: căutare"
"Content Signal: use","Semnalul conţinutului: a se utiliza"
"Content signals state what a crawler may do with the pages it reads, on a Content-Signal line in the wildcard group. They are a stated condition of access, not an enforcement mechanism, and no crawler is obliged to honour them. This one covers building a search index and returning links and short excerpts, and does not cover AI generated summaries.","Conținutul semnalelor indică ce poate face un crawler cu paginile pe care le citește, pe o linie de semnalizare Content-Contentdin grupul wildcard. Acestea sunt o condiție de acces declarată, nu un mecanism de punere în aplicare și nu este obligat să le respecte. Acesta acoperă construirea unui index de căutare şi returnarea link-urilor şi a scurtmetrajelor, şi nu acoperă rezumatele generate de IA."
"Crawlers & robots.txt","Crawlers & robots.txt"
"Custom Instructions","Instrucțiuni personalizate"
"Daily","Zilnic"
"Do not show in sitemap","Nu se afişează în harta sitemap"
"Each agent selected here gets its own group with Disallow: /. Blocking an AI search crawler removes the store from AI answers, so block only what you mean to. To block an agent that this list does not name, write its group in Custom Instructions below.","Fiecare agent selectat aici primește propriul grup cu Disallow: /. Blocarea unui crawler de căutare AI elimină magazinul de la răspunsurile AI, deci blochează doar ceea ce vrei să spui. Pentru a bloca un agent care nu numeşte această listă, scrie grupul său în Instrucţiuni Personalizate mai jos."
"Edit Sitemap","Editare hartă site"
"Enabled","Activat"
"Error Email Recipient","Destinatar email eroare"
"Error Email Sender","Error Email Sender"
"Error Email Template","Șablon e-mail de eroare"
"Extra Content","Extra Content"
"Feeding the pages to an AI model at answer time, which is how a store reaches AI search answers. Reserving it asks assistants to leave the store out of their answers.","Alimentând paginile unui model AI la momentul răspunsului, acesta este modul în care un magazin ajunge la răspunsurile căutării AI. Rezervarea ei cere asistenților să lase magazinul departe de răspunsurile lor."
"File ""%s"" cannot be saved. Please, make sure the directory ""%s"" is writeable by web server.","Fișierul ""%s"" nu poate fi salvat. Te rugăm să te asiguri că directorul ""%s"" poate fi scris de către serverul web."
"Filename","Nume fișier"
"Frequency","Frecvenţă"
"Full: keep and reuse the content","Complet: păstrează și reutilizează conținutul"
"Generate","Genereaza"
"Generate llms-full.txt","Generează llms-full.txt"
"Generate llms.txt","Generează lms.txt"
"Generate robots.txt","Generate robots.txt"
"Generation Settings","Setări generație"
"Google Sitemap","Harta site-ului Google"
"Hourly","Oră"
"How much of the content an AI system may keep once it has read it.","Cât conținut poate păstra un sistem AI după ce l-a citit."
"ID","ID"
"Immediate: answer the question, keep nothing","Imediat: răspundeți la întrebare, păstrați nimic"
"Include Images","Include imagini"
"Last Time Generated","Ultima generare"
"Link for Google","Link pentru Google"
"List every sitemap configured for this store view at the end of the file. llms.txt lists the same sitemaps and does not read this setting.","Listeaza fiecare sitemap configurat pentru vizualizarea magazinului la sfarsitul fisierului. lms.txt listeaza aceleasi sitemaps si nu citeste aceasta setare."
"llms.txt","llms.txt"
"llms.txt gives AI agents a markdown index of the store: name, description, CMS pages, top level categories, the search URL, and the sitemaps. llms-full.txt adds the full text of the CMS pages. No AI vendor promises to read these files today, so treat them as a low cost bet on an emerging convention, not as a traffic channel. Both files are served per domain, not per store view. When several store views share one domain, the store view that the bare domain resolves to is the one that answers, and it links to the other store views. When store codes are in URLs, each store view also answers at its own path, for example /de/llms.txt.","llms.txt dă agenţilor AI un index markdown al magazinului: nume, descriere, pagini CMS, categorii de nivel superior, URL-ul de căutare şi sitemap-ul. llms-full. xt adaugă textul complet al paginilor CMS. Niciun furnizor AI nu promite să citească aceste fișiere azi, să-i tratăm ca pe un pariu ieftin pe o convenție emergentă, nu ca pe un canal de trafic. Ambele fișiere sunt servite per domeniu, nu per vizualizare magazin. Când mai multe vizualizări stoc împart un domeniu, magazinul vizualizează că domeniul bare rezolvă este cel care răspunde, și face legătura cu celelalte vizualizări ale magazinului. Atunci când codurile magazinului sunt în URL-uri, fiecare vizualizare a magazinului răspunde, de asemenea, pe calea sa proprie, de exemplu /de/lms.txt."
"Markdown appended verbatim to the end of llms.txt.","Markdown adăugat la sfârşitul lms.txt."
"Maximum URLs per Sitemap File","URL-uri maxime per fişier sitemap"
"Monthly","Lunar"
"Never","Niciodată"
"New Sitemap","Harta site nouă"
"No, reserved","Nu, rezervat"
"Not stated","Nu a fost declarat"
"Path","Cale"
"Please create the specified folder ""%s"" inside your public directory before saving the sitemap.","Vă rugăm să creați folderul specificat ""%s"" în folderul public înainte de a salva harta site-ului."
"Please define correct path","Definiți calea corectă"
"Please enter a sitemap name with at most %s characters.","Te rugam sa introduci un nume pentru sitemap cu cel mult %s caractere."
"Please make sure that ""%s"" inside your public directory is writable by web-server.","Te rugăm să te asiguri că ""%s"" în interiorul directorului public poate fi scris de serverul web."
"Please use only letters (a-z or A-Z), numbers (0-9) or underscore (_) in the filename. No spaces or other characters are allowed.","Te rugăm să folosești doar litere (a-z sau A-Z), numere (0-9) sau underscore (_) în numele fișierului. Nu sunt permise spații sau alte caractere."
"Priority","Prioritate"
"Products Options","Opţiuni Produse"
"Reference: index, excerpt and link back","Referinţă: indice, extras şi link înapoi"
"Restore recommended rules","Restabilește regulile recomandate"
"robots.txt","robots.txt"
"robots.txt is served per domain, not per store view. When several store views share one domain, the store view that the bare domain resolves to is the one that answers.","robots.txt este servit per domeniu, nu per vizualizare magazin. Când mai multe vizualizări ale magazinelor partajează un domeniu, magazinul vizualizează că domeniul bare rezolvă este cel care răspunde."
"Rules only, one per line, without User-agent lines. They are written into the wildcard group and repeated inside every named group, because RFC 9309 gives a named group no access to the wildcard rules. Rules that name the admin path are dropped, so the path stays private.","Numai reguli, câte unul pe linie, fără linii de agent utilizator. Sunt scrise în grupul cu metacaractere și repetate în interiorul fiecărui grup numit, pentru că RFC 9309 oferă unui grup numit acces la regulile metacaracterului. Regulile care numesc calea de administrare sunt eliminate, astfel încât calea rămâne privată."
"Show lastmod","Show lastmod"
"Shown to AI agents as the store summary. Leave empty to use the default meta description.","Afișat la agenții AI ca sumarul magazinului. Lăsați gol pentru a utiliza meta implicită."
"Sitemap","Sitemap"
"Sitemap generate Warnings","Harta site-ului generează avertismente"
"Split sitemap files when they exceed this number of URLs","Împarte fişierele sitemap atunci când depăşesc acest număr de URL-uri"
"Start Time","Ora de începere"
"Store Description","Descrierea Magazinului"
"Store View","Vedere magazin"
"The file %s exists and is served by the web server, so these settings have no effect on it. Delete it to use the settings below.","Fișierul %s există și este servit de serverul web, astfel încât aceste setări nu au niciun efect asupra lui. Ștergeți pentru a utiliza setările de mai jos."
"The priority must be between 0 and 1.","Prioritatea trebuie să fie între 0 şi 1."
"The sitemap ""%s"" has been generated.","Harta sitemap ""%sa fost generata."
"The sitemap has been deleted.","Harta sitemap a fost ștearsă."
"The sitemap has been saved.","Harta sitemap a fost salvată."
"This sitemap no longer exists.","Acest sitemap nu mai există."
"Training crawlers","Crapere de antrenament"
"Training opt-out tokens (not crawlers)","Antrenament tokeni opt-out (neleganți)"
"Training or fine-tuning AI models on the pages. Reserved by default: it is the one use that gives the store nothing back.","Antrenament sau modele AI ajustate pe pagini. Rezervat în mod implicit: este singura utilizare care oferă magazinului nimic înapoi."
"Unable to find a sitemap to delete.","Nu s-a putut gasi harta sitemap-ului pentru stergere."
"Unable to find a sitemap to generate.","Nu s-a putut gasi harta sitemap-ului pentru a genera."
"Unable to generate the sitemap.","Imposibil de generat harta site-ului."
"User-triggered fetchers","Factor declanșat de utilizator"
"Valid values range: from 0.0 to 1.0.","Valorile valide variază: de la 0.0 la 1.0."
"Weekly","Săptămânal"
"When off, /llms.txt answers 404.","Atunci când este oprit, /lms.txt răspunde la 404."
"When off, /robots.txt answers 404, which tells crawlers that no policy applies.","Când e oprit, /robots.txt răspunde la 404, ceea ce spune tâmplarilor că nicio politică nu se aplică."
"Yearly","Anual"
"Yes, allowed","Da, permis"
